location,PC1,PC2,category
1,14159.320416985754,2015.433913687208,2
2,1184.2404076272633,71.08684333099599,2
3,-5029.036139626249,543.4446959699726,2
4,-3655.552737933768,308.5268257116831,2
5,-6072.28951649287,446.99982698137495,2
6,-5741.54543165319,461.49880245606215,2
7,16658.235713227736,1342.9364883403682,2
8,-2574.177952899038,222.6974295839854,2
9,9491.036257998885,-150.5184271458208,2
10,-5771.777635982648,458.5135004605051,2
11,-6114.510221233917,535.1567665156284,2
12,7528.779097890306,229.22075877780767,2
13,12533.101085055723,-148.48123728482312,2
14,-4771.039574695939,614.2383413402592,2
15,-3414.125237599372,601.1950609274127,2
16,1327.642199354797,46.53811002786754,2
17,552.3818385218107,279.4461268853002,2
18,-5875.297507347759,531.1924769404255,2
19,-5464.266077297109,683.5902168889165,2
20,-5210.2532750523815,305.86635592862365,2
21,-5801.93510729013,698.0330166184182,2
22,-5579.933144642287,458.0299662760702,2
23,-4050.891614161476,93.71234150352852,2
24,-6221.506449905055,548.9995003770129,2
25,-6221.635325813607,549.0073047839093,2
26,-5013.370728205878,-0.46908310702943296,2
27,-5542.77337023038,490.2131925174661,2
28,-6074.264958350362,578.8020953956442,2
29,-6240.0711361553,547.7383589226048,2
30,-4734.623255125778,506.1054396047355,2
31,-6128.914903372298,550.1457910557762,2
32,-3589.896950110135,-209.50581487214788,2
33,-4089.655075588813,457.0930474827169,2
34,-3732.294355945164,699.3420832136969,2
35,-4845.190346666352,387.04135559805167,2
36,-5319.8509910542325,316.5678656377953,2
37,-6118.862237771112,559.2965027704682,2
38,-4421.907835885624,104.03150315928694,2
39,-4548.577201479943,582.4230711242968,2
40,-5822.813660734696,431.64669330014414,2
41,-6277.677902145813,507.0070179096344,2
42,-6073.180875688867,577.9081826391431,2
43,-6074.264958350362,578.8020953956442,2
44,-3210.8517047417417,229.91288698633232,2
45,-5468.679339130161,644.2066877468162,2
46,-5613.821019914673,339.29311537536574,2
47,-5156.454225157018,767.8685903607259,2
48,-5679.794282387862,339.34262951265197,2
49,-4958.126320422244,220.0219475550871,2
50,-5645.661778462263,586.8031734976404,2
51,-4576.572215007262,266.6152514373535,2
52,-4596.798329961158,237.93618182570057,2
53,-5362.601571837644,537.1120839930145,2
54,-6074.007063426749,578.7858787971403,2
55,-6133.0393783156205,566.4283924130997,2
56,-6330.385687620137,644.9355247701941,2
57,-5422.581028401148,324.89568714239147,2
58,-5610.28643905056,372.03966930080475,2
59,-5808.369797532218,707.2422266234986,2
60,-5718.713711370553,557.3966329790509,2
61,-6110.285389501198,549.923087290637,2
62,-5355.591309548552,432.99642039596034,2
63,-5755.8851005535635,582.3149147660057,2
64,-6131.946046381811,550.0692840507103,2
65,-6243.389446070145,643.8009579630294,2
66,-6247.50214686375,649.6805464479843,2
67,-5755.963874994651,771.1913866549825,2
68,-5266.096186454021,559.8687521276349,2
69,-5754.160309300261,771.0855307756136,2
70,-6138.247568072492,614.6393945310421,2
71,-6140.23822082355,578.8516095329306,2
72,-3468.657455666684,74.96673291627036,2
73,-2539.497733802205,-262.2872554413083,2
74,-2962.1945433839696,378.50792528930936,2
75,-5467.559579699266,452.3361700768717,2
76,-3715.5227537161268,151.34440521639354,2
77,-5442.0977729159695,524.26299037728,2
78,-4883.993979289792,468.7511137749512,2
79,-2307.5498366764227,-296.59655977179136,2
80,-6074.264958350362,578.8020953956442,2
81,-5969.136876078366,465.5225409556412,2
82,-6020.056070819467,421.9317013567075,2
83,-4881.974604379939,450.13983934164264,2
84,-5803.043346767661,309.7587542395779,2
85,-5134.856658189178,556.5305953269592,2
86,-4901.610980795104,522.009988736341,2
87,-4504.263574855298,158.11999700688733,2
88,-4871.825141710058,419.90387927756825,2
89,4439.623931922274,-2700.615050357072,2
90,-5081.569032352244,306.95630821428546,2
91,40327.527405350826,-10760.044800962896,4
92,-3258.081668044389,-407.79124306874206,2
93,-3774.879323873764,-250.41726608875493,2
94,-6074.264958350362,578.8020953956442,2
95,24876.496852850654,-6701.048037477484,4
96,-4711.000051763248,70.06788066023958,2
97,1033.077238033174,-1774.699952441979,2
98,-6017.163770079939,568.7287811857053,2
99,-3891.1750914313234,-295.6468049454782,2
100,10653.506333045947,-3811.4571561148896,2
101,-5027.356382830562,325.18683186587094,2
102,46058.62860901487,-8214.051323313406,4
103,-2868.589116365234,-466.4837600139207,2
104,-2921.0404539856413,-720.6489253161332,2
105,-5975.619397559704,503.154197618624,2
106,-2351.875343814366,-1125.5132646966777,2
107,-1969.7722847603186,-898.1271358711047,2
108,-2140.482824489143,-1164.4488202100988,2
109,-5543.678600456901,479.5035375327614,2
110,-2695.162230392661,-744.0392262949191,2
111,-5543.678600456901,479.5035375327614,2
112,482.2909283926171,-2068.7754807745823,2
113,-5975.619397559704,503.154197618624,2
114,452.5593547589697,-1827.3769588502057,2
115,-5456.334196478158,369.9572024605473,2
116,6926.471080407427,-3693.048422322031,2
117,-5456.899555643365,370.1510399751268,2
118,45336.54108868348,-6435.685554621419,4
119,-3836.361293259291,-37.54179658448194,2
120,1394.2351220414519,-1946.5489146128918,2
121,-5965.759424085655,563.1954266415875,2
122,60711.493891266044,-8806.822703379561,1
123,-3190.1168488722033,-261.6332679182604,2
124,66012.31219032967,-7999.190155090969,1
125,-3724.2427855068686,-155.73914694465358,2
126,84489.7666733213,-7067.57999353179,1
127,-2361.9346525650676,-645.256950520745,2
128,18889.113944001994,-6082.510435535766,4
129,-5159.695030842253,258.1793478704487,2
130,-1629.8137146576676,-988.5628919587531,2
131,-2601.521557702843,-894.7255646328385,2
132,-5975.619397559704,503.154197618624,2
133,16140.298367955671,-5088.8857111514535,2
134,-4043.2027962686693,-85.14057069931495,2
135,25483.178193420194,-6753.729244084347,4
136,-3977.218204731857,-4.703518155101807,2
137,-217.71832078140102,-1335.9718814318392,2
138,-5975.619397559704,503.154197618624,2
139,4265.935923996895,-2863.054868683122,2
140,-5627.170712363358,286.2118016894146,2
141,1598.4680367467236,-1968.947303338013,2
142,-3554.714894586733,-489.2936903664006,2
143,-5750.03727417795,404.3721401477267,2
144,-3986.0561486031384,-192.88363798783703,2
145,8135.422703352686,-3746.157127074006,2
146,-5074.070884140187,322.24593792293746,2
147,9473.614522524222,-3925.5343408182357,2
148,-4793.383937037218,131.5527076093861,2
149,33095.527821581956,-8806.497314840672,4
150,-2754.349921477721,-593.0613511270607,2
151,-335.7749627299879,-1477.6873964015774,2
152,-1436.5693954724684,-1186.7585594594302,2
153,-3725.1434219725693,-590.3509505201256,2
154,-3578.1487004877886,-195.1719814266216,2
155,31054.935328675772,-6648.7046858833455,4
156,-4515.129498547325,62.4483182380583,2
157,25288.295770387882,-6408.683539514573,4
158,-4466.268165574105,79.63232661002897,2
159,10294.803596904661,-3175.390499886195,2
160,-5676.663804052861,325.09947830329776,2
161,5603.583024169501,-2766.6651686768196,2
162,-5677.480914331154,325.4131297703946,2
163,-2186.3494147265,-866.0135778007276,2
164,-5502.134227936667,413.9289539656805,2
165,-2470.000511138869,-636.7150679063363,2
166,-1669.7173047459237,-801.7799511486559,2
167,-2188.5074435941247,-887.6319676438197,2
168,-6020.571390270405,546.8351928518879,2
169,5640.020367063095,-2871.7203697351806,2
170,-4416.365719891219,107.03238648657967,2
171,-1162.9543254217497,-1498.35883993087,2
172,-65.7482286827628,-1491.1112365087456,2
173,-1731.9369241531533,-1031.0314427127082,2
174,-6017.163770079939,568.7287811857053,2
175,-442.79702124293857,-1018.4339139700916,2
176,-6017.163770079939,568.7287811857053,2
177,-1867.4879719596079,-828.5170558258186,2
178,-5975.619397559704,503.154197618624,2
179,-1982.740367628671,-774.1805788456711,2
180,-5975.619397559704,503.154197618624,2
181,20630.532817244766,-6983.925150967109,4
182,-4327.107309974276,-133.18833371501594,2
183,-1775.06639102452,-644.2947985957134,2
184,-3339.446465454441,-271.84672623168836,2
185,-5975.619397559704,503.154197618624,2
186,-3426.7119510879766,-360.16556661646473,2
187,-5130.3708347559905,153.06531945149257,2
188,-5748.641654715429,271.96325677283704,2
189,-2914.222324890445,-496.46478802723925,2
190,-5334.904080470923,362.01437797147645,2
191,-4471.172718213554,-41.62911361035091,2
192,-6095.363770723081,518.7076294279628,2
193,2243.1135316736336,-1537.0598118858793,2
194,-5808.151164955231,575.933502525607,2
195,-3063.877072163529,-565.0526252418241,2
196,-5975.619397559704,503.154197618624,2
197,-1945.6989728029514,-984.9285780267477,2
198,-4920.5142290281665,-261.5599220140793,2
199,-5501.851548354065,413.8320352083908,2
200,-4944.097761244898,-59.28722086351204,2
201,-5502.134227936667,413.9289539656805,2
202,-4094.6514504025813,-199.80917365959536,2
203,-5752.540072986507,474.9854798949846,2
204,-3754.3167975118836,-411.96537975666195,2
205,-5787.28542713295,451.85685369374556,2
206,3565.0418920293814,-2561.774849275351,2
207,-6017.163770079939,568.7287811857053,2
208,4386.658776714333,-2847.4229704978034,2
209,-6095.363770723081,518.7076294279628,2
210,-1472.3984420506706,-787.6321157727339,2
211,-2193.450364139438,-971.5380783681048,2
212,-5975.619397559704,503.154197618624,2
213,-3887.4541472300384,-430.4924218022914,2
214,-6066.055739418728,447.5045575675056,2
215,-4382.643594093206,-128.15149167300623,2
216,-5954.756248112284,570.0902363362483,2
217,-3573.4019781702837,-335.90117504064824,2
218,-3879.922969536922,-139.39713264918961,2
219,-6074.264958350362,578.8020953956442,2
220,-5205.851285620665,221.28431122462646,2
221,-5297.837710534892,106.26038694651677,2
222,-5274.596233756909,183.8620983148584,2
223,-4455.557310260841,-218.3132468572871,2
224,-4827.151354906983,-41.44858867891194,2
225,-6020.571390270405,546.8351928518879,2
226,-1713.5645361770783,-1078.0074249969769,2
227,-6020.571390270405,546.8351928518879,2
228,1161.077485672053,-1910.6366795497472,2
229,1952.613000508605,-1767.52329563463,2
230,-3785.5840966556207,-270.0934699281176,2
231,-5576.9266083893435,385.8013905417552,2
232,-3789.7892135251686,-642.6489316395977,2
233,-5975.619397559704,503.154197618624,2
234,-1417.5115653685123,-1166.485883934726,2
235,-5543.678600456901,479.5035375327614,2
236,87.43794437555499,-1239.5109510623713,2
237,-5570.634323952356,394.3834694849449,2
238,-1186.4613858062855,-1019.8161182251545,2
239,-462.8177851153658,-1265.3625092588952,2
240,14072.687342277226,-5456.711498444846,2
241,-5608.513629925915,306.01410260411507,2
242,60511.8415809946,-10278.028739693982,1
243,-769.1859454881858,-1180.7140073459987,2
244,61088.69509251602,-2742.8402895820313,1
245,-1221.3336218154013,-419.2622129968729,2
246,-961.048022661611,-927.53809120934,2
247,-5975.619397559704,503.154197618624,2
248,-1970.5654106133265,-844.4727337098689,2
249,1691.8650335088555,-1482.9701651941223,2
250,-5975.619397559704,503.154197618624,2
251,-2036.6037265900968,-445.6261304617201,2
252,-1811.188237487069,-825.4521813220605,2
253,-1325.9274560138647,-957.4894493355923,2
254,-6073.70015849094,460.5571133901753,2
255,14497.270863434427,-4391.295601811107,2
256,-4413.821603647791,106.16011767097226,2
257,-429.86656408644,-1390.3851674614125,2
258,-4284.812785430622,-320.75481133594997,2
259,-6017.163770079939,568.7287811857053,2
260,-5464.114554693525,71.58978154979789,2
261,-6017.163770079939,568.7287811857053,2
262,-4674.540475126354,208.7848237776375,2
263,-4376.766869837909,195.63220781417365,2
264,-3772.2030589521746,-173.09134187465537,2
265,-4789.152518395763,-4.547119030544287,2
266,2946.519005410347,-2374.7099782586943,2
267,-6069.961087622912,521.3597469333059,2
268,2703.6122867001855,-2403.1784852372593,2
269,-5510.412368699292,136.5978677286636,2
270,19568.900455533127,-6159.024082482081,4
271,-5616.002572827889,365.0399497241452,2
272,26.46684276819103,-1389.1521283369088,2
273,-5808.440976997584,575.9287873753827,2
274,-2765.263201384002,-549.9219971504136,2
275,-6104.300087529325,441.15932423224314,2
276,-219.15435469808253,-1347.5932105476652,2
277,-6034.464767347782,462.9323730823823,2
278,-226.66463608358697,-1414.7974053765045,2
279,-6027.8278013162,463.22684018464446,2
280,202.7933553688793,-1693.6050866784383,2
281,-5509.390638982462,330.3206012984369,2
282,6408.659394202964,-3121.646948770864,2
283,3117.178846847689,-2254.794319909334,2
284,-1947.564693714382,-605.6815810491154,2
285,-6017.163770079939,568.7287811857053,2
286,-2704.277370000957,-556.6964598525732,2
287,-6017.163770079939,568.7287811857053,2
288,2732.39651420903,-2230.2203094500637,2
289,-5456.899555643365,370.1510399751268,2
290,2079.3998828823596,-1736.4465361622551,2
291,-5975.619397559704,503.154197618624,2
292,9895.464260118224,-4586.879035194029,2
293,-6138.453911970226,433.53327398830487,2
294,1281.471814582584,-1711.7081320852624,2
295,-5497.878568998392,435.5317860276286,2
296,1363.2272588119702,-1944.5971657291025,2
297,-5218.317232396113,243.90830803369104,2
298,7392.471565780024,-2985.6798342853967,2
299,-4982.854134684843,282.04988151714844,2
300,7116.956120284259,-3257.9091582378383,2
301,-4982.854134684843,282.04988151714844,2
302,-5236.1871874824565,176.60953298303596,2
303,-3312.632704939445,-241.9815887069103,2
304,-6094.011394934806,431.3161222059891,2
305,-4014.703979692823,-285.4529512518612,2
306,-5993.256812184528,489.05522035300754,2
307,-4377.630919426591,-222.17488604004527,2
308,-6020.571390270405,546.8351928518879,2
309,-352.28441041818553,-1532.2709125770305,2
310,-5456.051516895555,369.8602837032576,2
311,5990.867670475807,-2983.2596626049067,2
312,-5455.768837312952,369.7633649459679,2
313,-578.9607927720234,-1121.0565052971228,2
314,6639.498178791689,-4319.913780294383,2
315,-4799.286805057177,11.143160495467919,2
316,-4305.741263804258,-202.16626103539497,2
317,-4532.429289466482,-131.36414914610415,2
318,3207.9138230754434,-2136.111720936316,2
319,-5975.619397559704,503.154197618624,2
320,-3561.1009154240774,-444.7908256109453,2
321,-4389.600749945086,-141.50688404914942,2
322,346.3168781794359,-1211.8607675238368,2
323,-5455.768837312952,369.7633649459679,2
324,3415.028298736342,-1895.4960611210217,2
325,3297.8532816590428,-1898.0094647490253,2
326,7968.977403683244,-2855.079855708455,2
327,-5514.926134777276,317.89453915066593,2
328,-874.1436651876863,-1634.031869870437,2
329,-6020.5852877756815,546.3905134663463,2
330,-2256.8442307514797,-679.3048614931415,2
331,-6104.300087529325,441.15932423224314,2
332,-1472.451409063736,-925.0401689404059,2
333,-5986.1680220175485,490.804299183949,2
334,-4762.119030162405,81.01851019762924,2
335,-5108.1509394606255,305.43876738639125,2
336,-4831.29172232306,-53.769257416058714,2
337,-4888.012385646864,-29.389450784305588,2
338,-5242.477743456218,118.41952333573275,2
339,-6020.571390270405,546.8351928518879,2
340,-4666.831952817304,45.73457862628916,2
341,-6077.636153094223,459.83618283610434,2
342,1815.5042872619645,-1671.3826572116188,2
343,-5209.224155594628,198.23936648823272,2
344,11257.261321411013,-3951.5001542502055,2
345,-3985.86982155917,-203.87896188401405,2
346,-5692.023936603251,301.6925860017082,2
347,-5692.023936603251,301.6925860017082,2
348,-2107.305058180703,-1005.0390617677235,2
349,-5502.134227936667,413.9289539656805,2
350,-1552.7331499948266,-925.7487890760847,2
351,-6033.581456791212,463.16709417262217,2
352,-4858.043766619363,354.4734216175261,2
353,-1014.0982251355082,-689.9494038357481,2
354,-4982.854134684843,282.04988151714844,2
355,-5692.023936603251,301.6925860017082,2
356,-1667.9843144122765,-965.7036470727236,2
357,-6017.163770079939,568.7287811857053,2
358,-2604.904591180525,-295.4859638607197,2
359,-5498.443928163599,435.725623542208,2
360,-5913.46386656827,485.55006588106363,2
361,-6268.4750777293,537.2815507983422,2
362,-6112.086391155382,458.1210772582696,2
363,2854.9014743471275,-1592.962956063217,2
364,-6017.163770079939,568.7287811857053,2
365,-245.34963854772352,-943.9924837799759,2
366,-6214.490115461437,443.1190358013495,2
367,-128.9773149264508,-741.7447730466108,2
368,-5975.054038394498,502.9603601040446,2
369,-79.89788947663203,-1066.3658604829811,2
370,-5559.298690437376,310.946933283673,2
371,57.01349460530392,-1057.2724123976352,2
372,-5559.298690437376,310.946933283673,2
373,26787.403147912864,-3962.2240518516633,4
374,-2243.0222050906873,-242.55761243932338,2
375,3422.408121916778,-3820.345428569529,2
376,-1514.9546673942925,-1015.3766204548697,2
377,-5975.619397559704,503.154197618624,2
378,10459.503093534142,-3600.8223277395928,2
379,-5142.084710030668,151.7751069446272,2
380,29401.585052240287,-6193.855530353803,4
381,-4461.029689917234,-95.82575563817075,2
382,2477.5258715700456,-2037.3823327792486,2
383,-5975.054038394498,502.9603601040446,2
384,-52.19767801948083,-1164.7036056282839,2
385,-4832.161125805768,-41.85286883115695,2
386,-5373.732895383215,165.33703688094263,2
387,-6328.230059913816,531.375517909307,2
388,-2326.9185668519744,41.530340691722124,2
389,-5559.198990760487,326.92994394989665,2
390,3760.292016332053,-1819.2774270011591,2
391,-6129.448289062625,596.3521170831981,2
392,-5484.260306477871,409.1963810787993,2
393,-5216.5605183855305,136.9207052113467,2
394,-5342.853762535617,318.5035227811978,2
395,-4344.927919848766,11.799164327685702,2
396,-1986.068209676865,-815.1459567326867,2
397,-5975.619397559704,503.154197618624,2
398,-2841.1652281533425,-534.1970038596592,2
399,-6024.774761329066,482.1380392463872,2
400,2357.0680336972396,-2230.606641492353,2
401,-3505.1098937120396,-416.9634823598842,2
402,-3846.9191044258314,-489.60431011552294,2
403,-2486.190451111143,-701.6280634878409,2
404,-2463.2836667222577,-1002.4910473162287,2
405,-2027.4648683856333,-698.8522470167578,2
406,-3386.8235782110196,-409.5632096285345,2
407,-5407.711405364062,101.31756244467115,2
408,1369.5187744378586,-2000.514163844501,2
409,-475.3482327961698,-1412.0034626042666,2
410,-4160.50635120017,14.971338605872955,2
411,-4336.958158445696,68.61593604317947,2
412,-4769.493263127521,60.10198142207016,2
413,-4751.8381517225125,67.20823025039331,2
414,-60.90283437741031,-1614.8972432525472,2
415,-1309.2068838972189,-1192.7670279889,2
416,-2180.2692911610106,-1772.3857781426893,2
417,-4668.237378577329,347.3284301503398,2
418,263.90809443918914,-2406.755169078398,2
419,-3221.531842356904,-389.30436248325435,2
420,-4099.361177848506,-109.39679627054359,2
421,-4773.117079896969,162.23162274449786,2
422,-5793.758852532734,384.9636189430177,2
423,-6268.4750777293,537.2815507983422,2
424,-5331.417292769005,379.87454931200483,2
425,-4090.311875535105,138.47105663332636,2
426,-3997.8450991490586,-147.34483601253388,2
427,-2304.7855300972224,-522.280250183697,2
428,-6025.802091728469,481.48296345847524,2
429,-4811.32575448035,397.6596097454461,2
430,-169.02016205802133,-991.2733284470524,2
431,-5091.08644049088,182.65856742188365,2
432,-4611.198576454768,221.89622789943465,2
433,-5808.263169490742,387.4212091593185,2
434,-5284.844097767209,230.5958102051874,2
435,-4720.8079868222485,13.552004299588173,2
436,-4342.71625740965,363.998329052873,2
437,-4728.178803284397,254.7101537465434,2
438,-5057.118674052295,317.9682599570559,2
439,-4994.551784710942,432.2742220747476,2
440,-5888.67961949954,493.6024692750098,2
441,-753.3820770263018,-1175.285216448107,2
442,-817.6168292427753,-1250.1536304385506,2
443,-223.4232676531361,-859.7378720364377,2
444,-1673.2298456078295,-1258.3078474684253,2
445,21227.78101029051,-5022.368680669807,4
446,1138.1324317128094,-1624.2129375896186,2
447,-1037.215174186942,-1079.4653700782328,2
448,3126.360923372456,-2002.0536616791226,2
449,-5975.619397559704,503.154197618624,2
450,542.4803228381044,-1428.1737060421635,2
451,1911.605594789332,-2571.7410980765317,2
452,-5714.074181559379,419.73956458561037,2
453,-4061.6557483776096,-654.2761927398152,2
454,-6124.208929178221,601.4941538163044,2
455,-479.13596371872404,-1012.4480828322888,2
456,-6020.571390270405,546.8351928518879,2
457,3818.490415458349,-2195.617184700769,2
458,-5662.410233362306,422.76158749539496,2
459,11617.909645260363,-4322.022772838256,2
460,30396.51137853045,-7389.521418138971,4
461,-4129.219716106936,-72.95133954007106,2
462,-2314.184804710169,-685.7650278509055,2
463,-1231.3227049819386,-913.9312349664128,2
464,-5691.741257020649,301.5956672444186,2
465,40776.46905988505,-6906.164209702306,4
466,43033.252420692654,-7177.5443648686005,4
467,7443.786912240133,-3455.976174808768,2
468,31843.247441658266,-6517.269203707202,4
469,20410.80491062806,-6034.713664413821,4
470,8879.91555627525,-4368.113426397735,2
471,43575.40141109222,-7869.764623665696,4
472,7838.542741382165,-3331.6536996469486,2
473,6191.134575958841,-3011.3281215688953,2
474,8899.866175642646,-3347.4489772592087,2
475,25335.766272463487,-6035.658134433598,4
476,32864.1520431686,-7853.908624058685,4
477,36887.598577959674,-8445.264271001664,4
478,31170.89136678353,-7815.713443023505,4
479,27903.327083106364,-7586.7131199151,4
480,12638.54860792569,-4516.398967073122,2
481,11665.135628523298,-4871.177052323892,2
482,-5593.2016928319845,432.89177085833325,2
483,-4015.9040724635383,47.06186580413848,2
484,12573.828478317866,-4698.070534637207,2
485,25116.413997063257,-5935.267851359058,4
486,-6214.634536737306,443.11587280870634,2
487,-6214.634536737306,443.11587280870634,2
488,17729.262626212974,-5184.771813549241,2
489,11338.745906118334,-3683.6945138064866,2
490,5411.173685414536,-3239.954355864549,2
491,7946.938085628826,-4285.0379636666585,2
492,-5056.011761100478,158.0749165672619,2
493,3126.162732321928,-2299.107355186173,2
494,14385.74245050468,-4552.840003038398,2
495,27810.53252984234,-5467.753298780982,4
496,22155.55074286302,-6134.107632855082,4
497,21475.050677474705,-5270.817831758297,4
498,12725.619596460467,-4741.77495449308,2
499,6088.477140282672,-3308.5104669611605,2
500,11462.097584273246,-4451.200476322858,2
501,9075.817304213315,-4153.815572783716,2
502,-6150.063406042912,445.23834840565183,2
503,-5371.670817296623,487.6607515577419,2
504,13983.762599497417,-4259.627088863893,2
505,19249.876394472038,-3819.2922826263493,2
506,14616.531873954027,-3493.192443069761,2
507,12979.892536035297,-3898.4262343820815,2
508,11924.852114650608,-3485.423874918851,2
509,9174.914131274534,-3324.650059346438,2
510,-2448.5476887812492,-160.9426179549416,2
511,-6210.461098936988,434.598824887916,2
512,-5692.023936603251,301.6925860017082,2
513,-5975.619397559704,503.154197618624,2
514,-4858.797700714035,363.48210171219665,2
515,-5013.557249417223,166.843448528241,2
516,-5975.619397559704,503.154197618624,2
517,-5975.47804284721,503.1052528859238,2
518,16854.287467552378,-5322.565595844141,2
519,1859.7393152251302,-2041.5026759237087,2
520,4363.309820899637,-2320.63537434887,2
521,-504.46815424085787,-969.740688737302,2
522,3716.114973400795,-2175.322326384238,2
523,-5511.1828679678565,325.8792253067823,2
524,-6034.600967315358,462.985133680954,2
525,-5313.026088707124,240.0257379262521,2
526,-958.0629989961476,-1143.9432712155503,2
527,-535.0537336574932,-1078.3216981944468,2
528,-4936.7714236437305,237.98121125472554,2
529,-5692.023936603251,301.6925860017082,2
530,-5743.8538869347685,563.8957205121857,2
531,-6174.655459254775,568.4526632119074,2
532,-2502.4372195513697,-784.5516954925469,2
533,-2086.686251732157,-750.7687001457543,2
534,-2811.246636355478,122.51795336904156,2
535,-3649.4712414993287,68.78338006420559,2
536,-4999.998635453043,215.40214743276508,2
537,-6052.273219058894,402.84258589728535,2
538,-5819.723377108347,618.1558863487174,2
539,-6132.090386525122,550.0656408599929,2
540,-6038.070049369644,475.4646329804846,2
541,-3400.538912464917,613.9698568257413,2
542,-6126.879165479219,703.7403541678451,2
543,-5198.830037331465,279.6193455313649,2
544,-5263.070541977211,315.47286126526643,2
545,-6175.677343314256,639.5764276396018,2
546,-2095.4652370895114,-0.8263703682673313,2
547,-3275.343569527828,-219.3748181949726,2
548,-5755.885741771178,582.318086530414,2
549,-3877.8749665081446,182.81011099592254,2
550,-5859.049341688781,494.2357679175703,2
551,-6199.283154765612,558.1484714087388,2
552,-6162.59164799445,569.6019261702637,2
553,-3828.9194061533863,-751.0021744327042,2
554,-6057.948129654192,617.693684761034,2
555,-6057.948129654192,617.693684761034,2
556,-6153.787672028322,625.5682875032775,2
557,-3833.886971830103,-752.2442247426791,2
558,-5718.713070152939,557.3934612146428,2
559,-6199.406875929245,558.1600916815065,2
560,-5510.091049234726,587.0526891180934,2
561,-5021.3231330451845,324.50831653068497,2
562,-5549.06121062551,637.690167960634,2
563,-5549.053471532166,637.6958625028449,2
564,-5573.033857774161,632.6923737871668,2
565,-5574.254249533958,633.1237250314891,2
566,-4540.936293889901,722.2856058401134,2
567,-4114.09752507546,780.5447232667719,2
568,-5532.693413484554,561.9817533544231,2
569,-6025.9055702079795,457.03288799518367,2
570,-4995.908347971437,571.2321748481631,2
571,-5720.44661928047,521.5932684237438,2
572,-6074.264958350362,578.8020953956442,2
573,-5720.44661928047,521.5932684237438,2
574,-5720.44661928047,521.5932684237438,2
575,-5720.44661928047,521.5932684237438,2
576,-6009.989193266843,598.146533443918,2
577,-5299.836871478295,465.44279591101764,2
578,-6074.264958350362,578.8020953956442,2
579,-4434.835003544594,523.2778850361407,2
580,-6131.483307875785,682.6661546028998,2
581,-6095.228452530824,615.294523472743,2
582,-5645.919677401154,586.8194123829554,2
583,-5233.34781915788,465.3608485767234,2
584,18033.117542903077,2969.9111192386235,2
585,-6140.23822082355,578.8516095329306,2
586,-5551.775035705054,541.4293427886073,2
587,-5299.836871478295,465.44279591101764,2
588,-6074.264958350362,578.8020953956442,2
589,-4878.408977417021,410.4001919947532,2
590,-6140.093807119346,578.854937687887,2
591,-6074.264958350362,578.8020953956442,2
592,-5299.836871478295,465.44279591101764,2
593,-5642.704031860671,585.3093115109824,2
594,-5720.44661928047,521.5932684237438,2
595,-5720.44661928047,521.5932684237438,2
596,-5246.666636895311,470.5906905010518,2
597,-6074.264958350362,578.8020953956442,2
598,-6074.264958350362,578.8020953956442,2
599,13551.582714813065,2621.043581461313,2
600,49293.764773578805,15375.415204447401,3
601,1576.9608467411467,-712.4129248527469,2
602,-3386.8683683890918,596.7918069280897,2
603,578.8338097545958,-42.030988043054734,2
604,-2609.0172608508683,-238.2416617370306,2
605,-5720.44661928047,521.5932684237438,2
606,-5654.2154618836685,521.5275376879534,2
607,863.1902285124963,205.72178765497327,2
608,-5798.226155277741,477.63616199475297,2
609,7978.950209069476,-1549.5157535614749,2
610,-5206.374426637835,429.12316046135845,2
611,-5299.836871478295,465.44279591101764,2
612,-6140.23822082355,578.8516095329306,2
613,28844.01603009201,6527.340811002045,4
614,-6171.4006176204875,617.265731080617,2
615,-3375.66243251089,575.054380204927,2
616,-4694.255041947704,591.4980234861887,2
617,-6131.507453266963,549.330460187822,2
618,2961.9335155777712,-534.8674089515628,2
619,7948.8374177108435,2022.4573918883445,2
620,-6202.492977170906,560.530296536551,2
621,-6074.264958350362,578.8020953956442,2
622,-4569.21106531503,524.3751026773048,2
623,-5720.44661928047,521.5932684237438,2
624,-6074.264958350362,578.8020953956442,2
625,-5912.502207383306,430.89973262666325,2
626,-6074.264958350362,578.8020953956442,2
627,8689.976285559069,-642.6832124382386,2
628,-5798.226155277741,477.63616199475297,2
629,-5299.96582094774,465.45091535367516,2
630,-5720.44661928047,521.5932684237438,2
631,-5720.44661928047,521.5932684237438,2
632,-4297.15047593437,287.25764975077794,2
633,-6074.264958350362,578.8020953956442,2
634,-5654.2154618836685,521.5275376879534,2
635,-6074.264958350362,578.8020953956442,2
636,-6073.4912735795215,578.7534456001323,2
637,-4005.2455873793406,499.3276228631695,2
638,32147.705171600355,-10593.749086130318,4
639,-2808.2520016055314,-1211.523131807325,2
640,-2013.8537073237105,-1647.6471272895665,2
641,24296.25974112579,-8739.0182883518,4
642,-4910.852910713209,95.84232828623945,2
643,8203.526787412926,-4388.831910177919,2
644,14036.385536892398,-4474.6795156057315,2
645,4053.2067757749696,-2700.986310361261,2
646,2319.5763193615135,437.3839461748087,2
647,-6074.264958350362,578.8020953956442,2
648,8253.120915440486,-1462.2049404431423,2
649,-3013.3782884684474,-20.224956533416382,2
650,-5021.369281553345,530.5145172109203,2
651,-2122.657227253094,156.843108277702,2
652,-1439.0008734498506,519.1240096664712,2
653,45546.73308467732,13813.256603570098,3
654,-5882.792086311778,487.47460802703523,2
655,-875.3919529781689,-54.46520932938065,2
656,-6137.529829797261,613.9420679829462,2
657,-1975.8559411201463,57.922306411785684,2
658,-4004.166966406915,714.7023967960455,2
659,-3800.0402353322847,384.0804606195639,2
660,-5299.288760700328,464.52660363755393,2
661,2364.8834681254693,-896.036931103975,2
662,-2303.628908834158,168.9711155554994,2
663,-4469.9975446813105,361.7277317962867,2
664,-2602.3416689785504,524.8257300233164,2
665,-3109.400827546861,477.6974294247443,2
666,-5105.0231447981305,578.592079959951,2
667,-4604.043403371182,576.9768128541925,2
668,-5656.949578129141,513.9132410071304,2
669,-6331.201105264188,530.6493104196558,2
670,-5297.937958208269,496.39618240858226,2
671,-4286.297825510767,420.90476480117644,2
672,-3957.722914126569,427.2621453416994,2
673,-3746.8913189597574,417.3700514508576,2
674,-4646.281152864389,600.5205190881792,2
675,-4952.569255848203,442.9431902912016,2
676,-3252.944132882509,524.3662749522031,2
677,-6221.119822179399,548.9760871563234,2
678,-5266.157553054735,470.9779856579479,2
679,-4999.744587217159,517.5840543580503,2
680,-4938.695667607574,480.9437122822219,2
681,-4834.302348598569,600.413808712372,2
682,-5099.7651364239355,640.6425817219738,2
683,-5002.409255303268,368.1121938076944,2
684,45510.60758367373,14538.597593794817,3
685,-5785.871770975692,520.7265902875666,2
686,-4508.413815981627,182.81564509000893,2
687,-3881.0228348352593,357.118763361242,2
688,-6074.264958350362,578.8020953956442,2
689,-5232.779526343611,464.49936901722975,2
690,1762.7602125968099,561.038792033367,2
691,13338.043543427331,2839.695036020439,2
692,473.84868213297875,533.9329076846166,2
693,-4168.659983226916,333.1410726460196,2
694,-6074.264958350362,578.8020953956442,2
695,-217.62606712584304,572.2250175232906,2
696,4770.115404690093,1954.87550982411,2
697,-5382.169800610869,468.401687539979,2
698,-5791.103704516454,608.9567551323718,2
699,2255.362023811816,-372.2633961735975,2
700,990.3610700438263,175.73480644265427,2
701,-6074.264958350362,578.8020953956442,2
702,-1059.55515430256,353.94268697720304,2
703,-5542.506155081384,511.9714644949739,2
704,47762.12065486402,14707.847303329367,3
705,-1695.5162541105442,635.2271122490042,2
706,-3287.782144477454,473.2135303507611,2
707,24775.85863945118,2076.436809978369,4
708,-5758.684408041735,513.7537406338723,2
709,2216.58818379006,631.9604750625197,2
710,-407.88218662021245,445.0920546166463,2
711,-5150.101091722696,405.9259288148555,2
712,-4261.0253544611,723.1394586953007,2
713,-1533.3592341824472,520.8580171379016,2
714,7555.706664701952,276.6169693117969,2
715,-6074.264958350362,578.8020953956442,2
716,-6313.380468133369,635.5039784964009,2
717,-6074.264958350362,578.8020953956442,2
718,-6188.204151610742,508.69317385466746,2
719,-5422.160549139938,472.57543666646376,2
720,-6187.436934882964,508.9435802946936,2
721,-1142.2228821041235,-424.0970768200815,2
722,-5156.364754869528,510.49741928667527,2
723,2622.813066063729,180.3715755220195,2
724,-2100.763714342284,-96.88397045156975,2
725,-5580.810946220283,503.5630142045973,2
726,-475.67408819245804,266.4733935638466,2
727,-3756.6671550151277,589.9149453245941,2
728,-6325.396955697717,624.6179115871879,2
729,-6257.872275979475,509.72177198216235,2
730,-4348.196464341014,518.260086377819,2
731,-4462.724365957036,593.5559799665274,2
732,-3275.903155896964,488.2003156820211,2
733,-3969.1825393466884,229.03089760758593,2
734,45502.72239133556,15558.030601996266,3
735,9361.05959317607,425.3377774803224,2
736,-5288.6476499219625,566.4650493246538,2
737,7261.287517431527,1675.8826814814408,2
738,2838.177268714167,-192.2353295119875,2
739,-5716.910137041895,554.8360731758149,2
740,-3038.689181933665,516.0452501551598,2
741,-4246.128923746247,388.7994944097785,2
742,9357.606982076604,1072.8453291963692,2
743,-5392.086086805379,621.6351047256505,2
744,16712.284462422074,-2034.760160330999,2
745,2703.08843215652,374.2715420583564,2
746,-5513.6380280722715,371.639289093592,2
747,-6073.749168503135,578.7696621986364,2
748,-6074.007063426749,578.7858787971403,2
749,-6074.007063426749,578.7858787971403,2
750,-5881.80326613848,578.4078207222207,2
751,-6074.007063426749,578.7858787971403,2
752,-4214.6993002556965,429.59780275533495,2
753,-5654.2154618836685,521.5275376879534,2
754,-3786.4853823803705,510.7816213140207,2
755,1314.7159680502618,563.7446653900087,2
756,7663.562454388359,-553.5491524233619,2
757,-4699.719889769343,116.9794800736565,2
758,-61.142466586356015,190.09783423652416,2
759,-4952.937400990438,426.0288955437167,2
760,11458.915301854026,-948.0553170368621,2
761,-5720.44661928047,521.5932684237438,2
762,-5654.2154618836685,521.5275376879534,2
763,40132.8803957514,11594.410619990007,3
764,-5742.548540734662,558.2805408032813,2
765,-4732.886878931663,396.3345183843796,2
766,-5715.933806528614,554.1267059591445,2
767,617.3112409252352,260.91721438079054,2
768,-3473.952690949597,710.9032998370119,2
769,-1490.3011929590868,430.7190517487387,2
770,-6334.281440064766,530.1744520491217,2
771,-4434.7798910254805,584.746018909516,2
772,-5415.6475408985925,560.7545714025853,2
773,-3718.021893987539,489.99383757168226,2
774,-4484.443371730989,892.622683797669,2
775,-2893.0853391619994,1007.6429828680295,2
776,-6160.946689352827,630.9104045053926,2
777,-3898.8005699765877,748.9689939626167,2
778,-2913.252884628445,818.7636054987453,2
779,-3445.789415457658,528.8052183836838,2
780,-5988.496587592741,488.11141121408974,2
781,-5622.560619270698,374.1977542659343,2
782,-4122.303089205782,846.4529404459587,2
783,-4468.263995553778,397.52792458718596,2
784,-6122.533894486692,700.4569884748479,2
785,-6306.1873823496735,548.5944218688302,2
786,-1675.5863805957677,-483.9124590997243,2
787,-6285.860369293705,632.3241899205965,2
788,-4001.8370956352196,-385.8187358160902,2
789,-5333.0083191555905,504.77652532117213,2
790,864.2382204671077,-1287.695755141679,2
791,-4491.895029315233,150.03348520129154,2
792,-5298.752870698183,464.5491845022437,2
793,56000.346495639205,18210.967862845348,3
794,23022.484117580483,2107.206965783615,4
795,826.6424719819838,1160.3650234804074,2
796,-5443.889370415334,395.43274883222915,2
797,-3491.256799030977,413.04460292358823,2
798,44705.68380818567,13145.234756117472,3
799,-5210.647438657533,567.2536590207724,2
800,-4175.588803537395,338.9607679319619,2
801,-5422.653975730736,531.5630853442867,2
802,6711.934342833752,-516.9584300147565,2
803,6083.283599332515,797.7386713928419,2
804,-5224.097024272042,529.7673680210657,2
805,10602.989055081725,1594.2526988518719,2
806,1693.69579042616,-1751.7041250676064,2
807,-4376.455232074034,124.21379344656893,2
808,18960.75152441276,2888.402584263306,2
809,3947.798500805924,-423.6628803590788,2
810,51949.93708699661,15989.390014834189,3
811,-5232.392808754557,464.4754933260635,2
812,226.53925261994874,594.3611198844076,2
813,-6124.227259335184,700.4820065109253,2
814,25246.396808923786,6276.560163635927,4
815,-5084.102953543208,447.17180907587345,2
816,10046.437367033079,59.77666824986742,2
817,-1862.5377964577083,-11.381170303631496,2
818,2925.8751988267986,1173.5854415700549,2
819,-3553.2413433750903,988.8523529629277,2
820,-5652.873648061328,520.6180110284032,2
821,46487.58436407072,14838.737731164914,3
822,-4299.0760376536,-53.94939247748479,2
823,10485.251038638518,1214.295830210017,2
824,-5394.78272376789,625.558621288845,2
825,487.82755096256375,556.9555937976703,2
826,11200.128803885751,151.72080776423792,2
827,-5364.335120965178,501.31189120211553,2
828,-5885.94884273775,490.65576725920124,2
829,-2269.131574245804,567.1262339346757,2
830,5437.019827637484,767.3441606242002,2
831,4230.301254611137,380.9174494899504,2
832,-6074.007063426749,578.7858787971403,2
833,-5674.134781445056,555.7327906533079,2
834,47924.34038469845,13860.042714080362,3
835,-4346.2794416781535,397.08352909399383,2
836,12257.065603629446,1589.9416476021138,2
837,5496.82351167989,-994.4010677464605,2
838,-2584.751022557728,731.4450732027068,2
839,7608.7787696740115,1152.0450777358612,2
840,-5872.955481443016,482.53592519808336,2
841,-5718.455966529415,557.3810534218545,2
842,-4308.742472506687,446.60572831896,2
843,-4861.817408451992,540.9839413847574,2
844,-4813.5805328945535,30.3987514466799,2
845,32493.255755180337,8518.436211773535,4
846,36592.351313515464,9833.407873691636,3
847,-5631.509476146878,344.8574992812284,2
848,-4392.454206034611,563.2559991558322,2
849,-727.0819666601518,266.43368258325717,2
850,-5237.588674666047,475.4899024702063,2
851,1486.674545586137,-205.94000307979792,2
852,-5343.956664590925,582.5590540594972,2
853,-0.5106884080358134,308.37144392568797,2
854,-4782.512530156442,443.0645833547199,2
855,-5749.267020221893,564.0691730724435,2
856,3128.9565282926524,-358.0382517143775,2
857,-2903.3622348463105,245.00005376666897,2
858,-5372.313183857956,642.6044340112762,2
859,-5654.2154618836685,521.5275376879534,2
860,-5675.572169180001,461.4492883187756,2
861,-6074.264958350362,578.8020953956442,2
862,-5720.44661928047,521.5932684237438,2
863,-5299.836871478295,465.44279591101764,2
864,-579.774390723864,-100.11400037481006,2
865,-2369.4403193671733,244.27276209731232,2
866,-5693.822142511055,491.11300012025396,2
867,-5692.871001571571,490.99847746163124,2
868,-5291.54108699578,530.7346706060196,2
869,-4936.605855295698,381.69981384682706,2
870,-4863.462431010211,465.13368804181346,2
871,-4870.226674153916,475.7116114432156,2
872,-5720.44661928047,521.5932684237438,2
873,-5712.298784982044,492.8072997508057,2
874,-5720.44661928047,521.5932684237438,2
875,3127.437096267378,663.6341241889494,2
876,-4592.401456066207,159.91282419691123,2
877,-1789.6044808072056,-523.3851576895566,2
878,14101.54908859541,1718.611458812707,2
879,-1904.5842764668514,572.3133101453869,2
880,-5424.820087570138,533.1819367695105,2
881,2570.0229616344714,-829.1986043800367,2
882,-2956.201704019782,428.2791415610636,2
883,-1943.4502789565781,651.9706802236745,2
884,-1326.7309308509853,95.22333191224727,2
885,9786.921141800512,1170.3524868264044,2
886,-1531.946979549869,-27.389460111643952,2
887,-3661.8332863595456,394.47217096818594,2
888,-5645.919677401154,586.8194123829554,2
889,-3053.9793838013825,409.21370519739327,2
890,-2659.2432746016966,596.0530038733574,2
891,25633.260063029324,5639.254569884777,4
892,37373.15984877276,-9533.6250762425,4
893,22637.923684455793,-7739.501371123212,4
894,23179.204180206645,-6828.576024942193,4
895,38701.25316213538,-10173.40022373141,4
896,7186.2478088580065,-3456.433224424318,2
897,8880.527500476726,-4052.681379617024,2
898,2592.4632883214244,-2402.715176432552,2
899,22667.091519430403,-7089.441024902754,4
900,-5645.919677401154,586.8194123829554,2
901,-5719.898508502503,520.6770761502802,2
902,3144.6772910909185,-74.07693359060701,2
903,-2168.3869905616034,40.45971324301067,2
904,-5654.2154618836685,521.5275376879534,2
905,-4027.811906590755,303.3061608256837,2
906,2133.4475415573534,163.28262078926943,2
907,-6074.264958350362,578.8020953956442,2
908,-6074.264958350362,578.8020953956442,2
909,4760.657572821752,364.29707845754086,2
910,-5784.686973843741,557.4461471163376,2
911,-5764.308517469488,638.6933099737195,2
912,-2726.921042049455,368.3290244639472,2
913,-6074.264958350362,578.8020953956442,2
914,-1944.9984878108276,80.4620132474478,2
915,-4009.413325087464,487.18833989355545,2
916,-5645.919677401154,586.8194123829554,2
917,-2585.726738258207,440.65196105708065,2
918,-3245.21250084583,506.68905602717507,2
919,7718.593796542587,-1199.9149070069482,2
920,-6074.264958350362,578.8020953956442,2
921,15566.3844550316,3600.2525231408927,2
922,-4991.392972358421,339.7176418766735,2
923,-1822.386982968188,227.58345533289858,2
924,-1260.165083853719,-186.11111962923235,2
925,4563.088598036749,19.736912534241107,2
926,-5217.424042326326,281.3207836603881,2
927,-4798.751678956296,141.59209295579356,2
928,-5720.302205576266,521.5965965787001,2
929,-4941.795865416362,408.9915832105347,2
930,-5720.44661928047,521.5932684237438,2
931,13882.28395230152,1826.7077247132886,2
932,1305.1003906746014,917.6878448001398,2
933,-5720.44661928047,521.5932684237438,2
934,-5019.050193403538,617.7947362510427,2
935,-6140.23822082355,578.8516095329306,2
936,-610.5895746568824,5.104509336992623,2
937,-4634.197669105604,622.8866653020599,2
938,6987.973226223182,-449.9058043925396,2
939,-3507.1221630216714,-26.58293054896204,2
940,-5631.509476146878,344.8574992812284,2
941,-5056.520994801026,617.5766005979444,2
942,2405.7254930731856,289.26549572609713,2
943,3704.877062699669,-58.55400255649191,2
944,5945.397986909033,-40.50260202528024,2
945,7537.104429445254,-354.54235357596735,2
946,-1785.8271344982254,356.62483329654924,2
947,-5831.6757187505,372.85874343959466,2
948,4258.935962536397,-291.3800681191789,2
949,-1626.7513849044694,252.02697408340228,2
950,-2656.62220704533,127.96623798520336,2
951,-5321.193578774627,405.3645465418402,2
952,-4900.023579636967,350.3381592240796,2
953,-6074.264958350362,578.8020953956442,2
954,-5820.126096334446,618.1709652230078,2
955,-3199.062356099648,330.5425921163813,2
956,-5639.797403080563,603.3080248659533,2
957,16568.13502868429,577.4791051321927,2
958,-6115.897120275667,700.3307481473183,2
959,-4961.755794321325,370.4276914219657,2
960,-4144.953300762421,12.185723188503374,2
961,-1595.1059925622685,612.6067845944094,2
962,43514.89982112642,12724.570861014015,3
963,6745.820643686193,1316.7285118203588,2
964,-2709.588628055784,370.53118143931437,2
965,-5765.079929380724,502.32963221368055,2
966,-5088.696017468813,624.1697507479753,2
967,-5069.543449379161,390.03902679900085,2
968,-5223.504665133685,530.5554236807018,2
969,-6074.264958350362,578.8020953956442,2
970,-6074.264958350362,578.8020953956442,2
971,-5720.44661928047,521.5932684237438,2
972,-132.90953235722776,88.40438764778231,2
973,-4946.333170182348,333.07972879818294,2
974,-1119.539809853485,136.4430723118403,2
975,-5291.54108699578,530.7346706060196,2
976,32746.245522440968,8364.948622817903,4
977,-2716.5050117097044,-596.2709121754197,2
978,-3647.5481850791953,235.4689630825796,2
979,-982.9615403369879,242.91184223254515,2
980,-4562.170113334011,710.8179289698044,2
981,-5432.418425329503,355.7434185258665,2
982,-6117.129847363101,693.5232517154667,2
983,-3175.7086031353256,498.9259002853011,2
984,6785.37864238457,804.6797585268356,2
985,-6140.23822082355,578.8516095329306,2
986,-4259.043546887827,399.2542113794142,2
987,-5554.70960353787,476.9836042513428,2
988,-5433.594964624121,389.98089556098085,2
989,4183.0960386365305,531.177805774807,2
990,-944.7612190960759,462.1946556016219,2
991,-4823.4847503004075,380.77991752357855,2
992,-6074.264958350362,578.8020953956442,2
993,-6074.264958350362,578.8020953956442,2
994,-948.660603032003,499.13749291430906,2
995,26021.660227015895,6431.803008780229,4
996,-4284.804427699162,664.8511079107453,2
997,-5469.765722769805,606.0938235363953,2
998,1299.3793296650574,729.9456691107602,2
999,-1655.466402982282,331.5072938533625,2
1000,-5387.8852816512135,331.0501303107966,2
1001,-5225.309929598978,530.6689398702292,2
1002,-5645.919677401154,586.8194123829554,2
1003,-5654.2154618836685,521.5275376879534,2
1004,-6074.264958350362,578.8020953956442,2
1005,-5720.44661928047,521.5932684237438,2
1006,-3096.3246193528735,340.26000824832255,2
1007,11277.327966876102,1664.542161264255,2
1008,45931.647811524526,15075.557813550126,3
1009,-4831.69935937525,172.33961036155355,2
1010,7976.700125126404,1322.9406245828297,2
1011,-2022.0403572294163,-72.2076470730053,2
1012,-5717.292088115334,556.000436323037,2
1013,-4152.74614596141,391.2672941968421,2
1014,3564.3128227851976,95.34047390552038,2
1015,6015.908842727147,1741.6308753235348,2
1016,-5520.157752814332,511.638268553664,2
1017,1671.9860089579554,148.19869052009886,2
1018,15656.627369795866,2021.5294720233337,2
1019,45342.168903526646,14343.586723593487,3
1020,-811.1328841665974,65.01545671806294,2
1021,-2993.8128955641114,313.87666787066627,2
1022,-3285.609035014363,499.2436515463669,2
1023,-4061.080248816175,-31.42551789317657,2
1024,10311.011725240252,1397.0437698062567,2
1025,-266.7879739658098,-191.70086008653092,2
1026,11663.346872232683,1408.1662320827909,2
1027,-6094.815659878417,517.7914092376849,2
1028,-5987.305157514406,551.8538526471967,2
1029,-3732.1589418683975,663.6685632395852,2
1030,1767.5818876701514,625.4404456231198,2
1031,3603.0750990204197,1050.3545760932186,2
1032,-4081.2406722314245,468.0134828790661,2
1033,5029.226106641557,625.6780223061644,2
1034,-599.1555808757716,983.0631928684959,2
1035,-2490.510194428079,-259.9281633550167,2
1036,-5948.514498880912,523.955890555456,2
1037,-1953.5475889292081,235.5133888036942,2
1038,-1387.7102355561074,150.76470076311784,2
1039,-5720.44661928047,521.5932684237438,2
1040,-6074.264958350362,578.8020953956442,2
1041,-5720.44661928047,521.5932684237438,2
1042,37561.93883373255,10524.12316518653,3
1043,-5675.763488206136,404.0550368385954,2
1044,-748.9747737911084,595.6105950200892,2
1045,-5041.356557098888,503.06281108762755,2
1046,221.67487582512564,394.1471942570394,2
1047,-4126.401710985816,648.2145920694039,2
1048,1979.8033147375545,850.0404673876305,2
1049,6627.225381395297,325.506360533622,2
1050,8949.580935833614,528.8505378234265,2
1051,-1115.5274481385093,743.6837023967931,2
1052,41020.50471960372,11976.885523366678,3
1053,-2331.3129407766664,526.5399974956207,2
1054,5313.362727277772,681.6292774365791,2
1055,-1218.8959315863292,267.96652059013735,2
1056,436.56366267253975,-418.1519446981104,2
1057,-5355.50491862036,537.395578780103,2
1058,-1592.9025662004058,185.63169176328225,2
1059,-5653.389274145788,520.6498415299558,2
1060,-5185.69319852209,615.8466916343027,2
1061,18383.629717606433,3923.4980885596356,2
1062,-5074.712746213762,386.45105561328637,2
1063,4438.192430220954,390.5330554286459,2
1064,-4419.078870478883,402.95717080855326,2
1065,-4000.6052578124813,259.2062643094009,2
1066,1245.3346168203377,505.6474494215838,2
1067,2726.4531192657655,271.30743356955946,2
1068,-5266.614952694759,444.41996813083085,2
1069,-5059.458462579088,420.06337924612325,2
1070,-6074.264958350362,578.8020953956442,2
1071,-5496.622212468752,626.3732987967121,2
1072,950.10272681718,990.1165303242466,2
1073,-5069.583303694235,491.6210154944795,2
1074,-5459.243853453259,592.484415224452,2
1075,24483.427348119887,6594.051365068892,4
1076,88.67651212234863,737.2280418656045,2
1077,-5353.1592161247045,614.2339812655516,2
1078,-1800.2617231051124,708.6346976238726,2
1079,-1688.2573897276748,421.52658127696014,2
1080,-1707.1596243416122,515.8751911180894,2
1081,-4467.497526370423,264.8356325057244,2
1082,-4034.3620917655694,410.0753321291407,2
1083,-2473.1644140186963,-48.676764717088844,2
1084,699.7762082817825,8.52710688408252,2
1085,-6074.264958350362,578.8020953956442,2
1086,22982.27368453415,5844.676860012183,4
1087,-5541.130684789004,511.7102332262078,2
1088,-1463.38624967268,113.65280062201883,2
1089,-82.3154678223601,622.8296988489041,2
1090,2947.614382694572,575.8910732135801,2
1091,-2616.6074490488736,-220.97210948482493,2
1092,-4550.889660324796,278.89195629877673,2
1093,-2769.456340171878,-352.78814526722823,2
1094,-5.370660718735406,183.83866481108754,2
1095,2772.5003020716413,-510.8894492487304,2
1096,-4930.583917722638,534.4854126556645,2
1097,4060.9995881977657,435.48096421723875,2
1098,-4882.542603199424,355.41646971144354,2
1099,10279.636719441041,1503.8650393342841,2
1100,30809.270591170258,7991.361746540105,4
1101,-5393.245398554933,560.8626353600312,2
1102,-3163.349050557917,516.4171319567256,2
1103,-4752.7497303452255,-55.366964459533705,2
1104,-1585.239959094749,790.4122752475472,2
1105,-3430.318233512892,358.3959747620682,2
1106,2865.6431510581674,221.924159897158,2
1107,43154.92967488208,15476.922748983696,3
1108,-4378.0180997219095,472.5192144228458,2
1109,5105.965568830194,-241.20196094412165,2
1110,-5777.597459874316,491.8362941882213,2
1111,3106.6839407768302,138.40077936655263,2
1112,-817.7292387484983,231.01282513545135,2
1113,-2882.637389602666,278.6875473780637,2
1114,-6074.007063426749,578.7858787971403,2
1115,-1001.3064427197055,643.44024726299,2
1116,-4946.260082529438,539.6827906056992,2
1117,-2049.361289030734,490.0256357440318,2
1118,-3306.9310384809432,221.51270522819982,2
1119,-4751.1450070782885,537.3412621058953,2
1120,-4559.633426987179,664.3103581001957,2
1121,-5401.50651014819,526.2301729890708,2
1122,-5675.572169180001,461.4492883187756,2
1123,-6074.264958350362,578.8020953956442,2
1124,-6074.264958350362,578.8020953956442,2
1125,-5700.525052429051,504.2691072620565,2
1126,-5773.003294788638,466.4427576391668,2
